{
  "experiment_type": "BTP_OpenAI",
  "model_name": "gpt-3.5-turbo",
  "dataset": "mbpp",
  "timestamp": "20250623_185324",
  "success_rate": 0.8,
  "problems_processed": 5,
  "candidates_per_problem": 3,
  "buffer_stats": {
    "total_experiences": 21,
    "fully_passed_count": 11,
    "enhanced_count": 6,
    "fully_passed_rate": 0.5238095238095238,
    "enhanced_rate": 0.2857142857142857,
    "p2value_stats": {
      "mean": 0.5269047619047619,
      "std": 0.25363418628709095,
      "min": 0.19999999999999998,
      "max": 0.8575
    },
    "pass_rate_stats": {
      "mean": 0.5238095238095238,
      "std": 0.49943278484292924,
      "min": 0.0,
      "max": 1.0
    },
    "possibility_stats": {
      "mean": 0.53,
      "std": 0.09652288157046841,
      "min": 0.39999999999999997,
      "max": 0.7150000000000001
    }
  },
  "hyperparameters": {
    "alpha": 0.5,
    "temperature_base": 0.8,
    "temperature_enhanced": 0.7,
    "max_tokens": 512
  }
}